,title,year,box_office,post_url,post_date,vader_neg,vader_neu,vader_pos,vader_compound,top_sentiment,Anger,Anticipation,Disgust,Fear,Joy,Sadness,Surprise,Trust,Negative,Positive,Synzhet,Bing,Afinn,NRC
1,Star Wars: Episode VIII - The Last Jedi,2017,"$1,332,539,889 ",https://www.reddit.com/r/movies/comments/7jwxnd/official_discussion_star_wars_episode_viii_the/,12/14/2017,0.172449219,0.615857503,0.211692154,0.035141267,Fear,1.058746311,1.168730244,0.622664692,1.274996587,0.8132489,0.864654548,0.501013411,1.182067358,2.000535585,1.987513521,-0.04630604,-0.420549657,-0.442834189,0.002047825
2,Jumanji: Welcome to the Jungle,2017,"$962,077,546 ",https://www.reddit.com/r/movies/comments/7l6gel/official_discussion_jumanji_welcome_to_the_jungle/,12/20/2017,0.110336116,0.610846411,0.278819699,0.300022538,Anticipation,0.41903172,0.99443517,0.316638843,0.567612688,0.794657763,0.522537563,0.423483584,0.870339455,1.062882582,1.682804674,0.712576516,0.495269894,2.084028937,0.632164719
3,Thor: Ragnarok,2017,"$853,977,126 ",https://www.reddit.com/r/movies/comments/7agfes/official_discussion_thor_ragnarok_us_release/,11/2/2017,0.123604784,0.627326196,0.249068565,0.214568633,Anticipation,0.560136674,0.783371298,0.408883827,0.650683371,0.640774487,0.505922551,0.416059226,0.80501139,1.098974943,1.445899772,0.46726082,0.224829157,1.340432802,0.356492027
4,Avengers: Infinity War,2018,"$2,048,359,754 ",https://www.reddit.com/r/movies/comments/8f84h0/official_discussion_avengers_infinity_war_spoilers/,4/26/2018,0.155480755,0.633542703,0.210974805,0.06891197,Anticipation,0.660466524,0.824263486,0.359252824,0.664665772,0.534712898,0.542611168,0.400982018,0.801885054,1.187017876,1.338651502,0.146014006,-0.063923334,0.146091673,0.161230024
5,Black Panther,2018,"$1,346,913,161 ",https://www.reddit.com/r/movies/comments/7xvumf/official_discussion_black_panther_spoilers/,2/15/2018,0.149524486,0.614528404,0.235951567,0.149487786,Trust,0.808619001,0.963712047,0.445837414,0.961704212,0.758227228,0.820568071,0.512732615,1.180558276,1.666846229,2.060626836,0.397717924,0.202252693,0.88927522,0.407639569
6,Jurassic World: Fallen Kingdom,2018,"$1,308,467,944 ",https://www.reddit.com/r/movies/comments/8sxn3q/official_discussion_jurassic_world_fallen_kingdom/,6/21/2018,0.155045795,0.634911407,0.210041465,0.075354788,Fear,0.719567027,0.933055787,0.519233972,1.125395504,0.696586178,0.793838468,0.488093256,0.89641965,1.57152373,1.631307244,0.01704413,-0.335553705,-0.337718568,0.068276436
7,Incredibles 2,2018,"$1,242,805,359 ",https://www.reddit.com/r/movies/comments/8r7d6q/official_discussion_incredibles_2_spoilers/,6/14/2018,0.122972444,0.634895043,0.242129677,0.224905957,Anticipation,0.540321491,0.924625152,0.355261381,0.688099419,0.714845333,0.515331622,0.428069701,0.904768337,1.174658922,1.644333378,0.5159665,0.314061867,1.482642172,0.480345806
8,Aquaman,2018,"$1,148,461,807 ",https://www.reddit.com/r/movies/comments/a6qh98/official_discussion_aquaman_us_release_spoilers/,12/20/2018,0.135186318,0.612104004,0.252709399,0.214062208,Anticipation,0.72080089,0.984705228,0.515572859,0.85567297,0.825083426,0.753615128,0.483592881,0.929365962,1.524749722,1.918798665,0.477683537,0.278921023,1.370967742,0.404894327
9,Bohemian Rhapsody,2018,"$903,655,259 ",https://www.reddit.com/r/movies/comments/9t6lw5/official_discussion_bohemian_rhapsody_spoilers/,11/1/2018,0.100281012,0.647055801,0.252647531,0.31008065,Anticipation,0.476916901,0.948615014,0.379365717,0.508229627,0.832195905,0.60337214,0.399437977,1.014853473,1.059815335,1.949016459,0.87318346,0.422721798,1.906061823,0.909674829
10,Venom,2018,"$856,085,151 ",https://www.reddit.com/r/movies/comments/9li7ex/official_discussion_venom_spoilers/,10/4/2018,0.148916268,0.591688149,0.259398385,0.187709379,Fear,1.024888742,1.019284655,0.846711719,1.135487061,0.848030328,0.713037745,0.529091808,0.984835998,1.727707269,1.788198451,0.175374979,-0.088181968,1.03939344,0.070051096
11,Mission: Impossible - Fallout,2018,"$791,115,104 ",https://www.reddit.com/r/movies/comments/928hh5/official_discussion_mission_impossible_fallout/,7/26/2018,0.11988052,0.655670658,0.224447921,0.17877967,Trust,0.576799279,0.779194026,0.346208317,0.715462856,0.586841766,0.586326767,0.417664478,0.883996395,1.150379812,1.437363203,0.241727823,0.047379941,0.902021372,0.29638213
12,Deadpool 2,2018,"$734,546,611 ",https://www.reddit.com/r/movies/comments/8k9ob3/official_discussion_deadpool_2_spoilers/,5/17/2018,0.127862502,0.625001876,0.247137354,0.174760662,Anticipation,0.411412495,0.593637282,0.288702929,0.452820661,0.521930457,0.408743327,0.392944741,0.601644784,0.861419709,1.069831193,0.320307315,0.022507575,0.838046458,0.21367768
13,Fantastic Beasts: The Crimes of Grindelwald,2018,"$654,855,901 ",https://www.reddit.com/r/movies/comments/9x2e23/official_discussion_fantastic_beasts_the_crimes/,11/15/2018,0.142691349,0.647525336,0.209784295,0.128212738,Trust,0.884098544,1.065229563,0.558230683,0.990341545,0.826147816,0.822368421,0.536534155,1.301791713,1.653975364,2.148236282,0.371661534,-0.023796193,0.354283315,0.513577828
14,Avengers: Endgame,2019,"$2,797,501,328 ",https://www.reddit.com/r/movies/comments/bh8iei/official_discussion_avengers_endgame_spoilers/,4/25/2019,0.118283393,0.685760605,0.19595525,0.123325919,Trust,0.605761081,0.868791847,0.316615815,0.598292228,0.543361726,0.486609035,0.354955928,0.915978049,1.140552165,1.408615137,0.288200271,0.066785321,0.40527799,0.277904907
15,The Lion King,2019,"$1,656,943,394 ",https://www.reddit.com/r/movies/comments/cew5fw/official_discussion_the_lion_king_2019_spoilers/,7/18/2019,0.126396395,0.613951044,0.259651992,0.260327609,Anticipation,0.720303605,0.954459203,0.579316888,0.892979127,0.829032258,0.759962049,0.432258065,0.89772296,1.358254269,2.027893738,0.53183112,0.196394687,1.125616698,0.678178368
16,Frozen II,2019,"$1,450,026,933 ",https://www.reddit.com/r/movies/comments/dzlju6/official_discussion_frozen_ii_spoilers/,11/21/2019,0.110298503,0.649809803,0.239899031,0.247528647,Anticipation,0.557088348,1.014382154,0.346052245,0.735544467,0.86879953,0.669503962,0.429997065,1.04637511,1.1802172,1.892867625,0.605664808,0.08834752,1.422952744,0.7252715
17,Spider-Man: Far from Home,2019,"$1,131,927,996 ",https://www.reddit.com/r/movies/comments/c7xhmz/official_discussion_spiderman_far_from_home/,7/2/2019,0.130426451,0.64441757,0.225158623,0.158652508,Trust,0.58534436,0.787215293,0.379812907,0.708853037,0.586903471,0.513693059,0.465835141,0.990848698,1.261184924,1.548400217,0.320163368,0.092123102,1.032334599,0.300501627
18,Captain Marvel,2019,"$1,128,274,794 ",https://www.reddit.com/r/movies/comments/ay9785/official_discussion_captain_marvel_spoilers/,3/7/2019,0.13597536,0.622428721,0.241598849,0.210734721,Trust,0.846246403,0.956369343,0.459220507,0.883285378,0.837352864,0.735861889,0.581689772,1.191681925,1.565995292,2.145749411,0.501370651,0.276536751,1.361234632,0.593826838
19,Joker,2019,"$1,074,251,311 ",https://www.reddit.com/r/movies/comments/dd0ynj/official_discussion_joker_spoilers/,10/3/2019,0.154539714,0.604886839,0.240573296,0.115458385,Trust,0.890659562,0.942112407,0.536295998,1.092273276,0.959330384,0.913306857,0.711466921,1.070455459,1.673914136,2.001131108,0.020358687,-0.556831892,0.027724713,0.34378142
20,Star Wars: Episode IX - The Rise of Skywalker,2019,"$1,074,144,248 ",https://www.reddit.com/r/movies/comments/ed3a6g/official_discussion_star_wars_episode_ix_the_rise/,12/19/2019,0.156581908,0.624786041,0.218634122,0.076327255,Anticipation,0.802949402,0.984254114,0.501834296,0.971450365,0.74203625,0.655969634,0.414169482,0.955268606,1.50310559,1.641785623,0.110770586,-0.185972177,0.012204424,0.150866296
21,Toy Story 4,2019,"$1,073,394,593 ",https://www.reddit.com/r/movies/comments/c2ntqo/official_discussion_toy_story_4_spoilers/,6/20/2019,0.106419349,0.652473177,0.241101109,0.28691804,Anticipation,0.472085834,1.010001819,0.354428078,0.655573741,0.858883433,0.557192217,0.390798327,0.977632297,1.083469722,1.826150209,0.705228223,0.375704674,1.79705401,0.755591926
22,Aladdin,2019,"$1,050,693,953 ",https://www.reddit.com/r/movies/comments/bs6oiv/official_discussion_aladdin_2019_spoilers/,5/23/2019,0.108662278,0.620768598,0.270577354,0.331252567,Trust,0.616524029,1.013166557,0.487162607,0.836076366,1.006912442,0.664911126,0.465108624,1.191902567,1.215931534,2.188281764,0.981632653,0.65437788,2.276168532,0.982883476
23,Jumanji: The Next Level,2019,"$800,059,707 ",https://www.reddit.com/r/movies/comments/e9pgvc/official_discussion_jumanji_the_next_level/,12/12/2019,0.100721578,0.658607115,0.240653519,0.273140603,Anticipation,0.421500387,0.923433875,0.278422274,0.552204176,0.688321732,0.492652746,0.422273782,0.873936582,1.003093581,1.664346481,0.663379737,0.339520495,1.846094354,0.670533643
